College,Athletic Website
,/schools/abilene-christian
,/schools/academy-of-art
,/schools/adams-st
,/schools/adelphi
,/schools/adrian
,/schools/agnes-scott
,/schools/air-force
,/schools/akron
,/schools/ala-huntsville
,/schools/alabama
,/schools/alabama-am
,/schools/alabama-st
,/schools/alas-anchorage
,/schools/alas-fairbanks
,/schools/albany-ny
,/schools/albany-st-ga
,/schools/albertus-magnus
,/schools/albion
,/schools/albright
,/schools/alcorn
,/schools/alderson-broaddus
,/schools/alfred
,/schools/alfred-st
,/schools/allegheny
,/schools/allen
,/schools/alma
,/schools/alvernia
,/schools/alverno
,/schools/am-corpus-chris
,/schools/american
,/schools/american-intl
,/schools/american-pr
,/schools/amherst
,/schools/anderson-in
,/schools/anderson-sc
,/schools/angelo-st
,/schools/anna-maria
,/schools/appalachian-st
,/schools/arcadia
,/schools/arizona
,/schools/arizona-st
,/schools/ark-fort-smith
,/schools/ark-monticello
,/schools/ark-pine-bluff
,/schools/arkansas
,/schools/arkansas-st
,/schools/arkansas-tech
,/schools/armstrong
,/schools/army
,/schools/asbury
